<?xml version="1.0" encoding="UTF-8" ?>
<!DOCTYPE mapper PUBLIC "-//mybatis.org//DTO Mapper 3.0//EN"
        "http://mybatis.org/dtd/mybatis-3-mapper.dtd">

<mapper namespace="kr.datasolution.msa.frontend.user.mapper.UserMapper">
    <select id="findAll" resultType="kr.datasolution.msa.frontend.user.dto.UserDto">
        SELECT USER_ID
             , USER_NAME
          FROM USER
         ORDER BY USER_ID DESC
    </select>

    <select id="findById" parameterType="int" resultType="kr.datasolution.msa.frontend.user.dto.UserDto">
        SELECT USER_ID
             , USER_NAME
          FROM USER
         WHERE USER_ID = #{user_id}
    </select>

    <insert id="save" parameterType="kr.datasolution.msa.frontend.user.dto.UserDto"
            useGeneratedKeys="true" keyProperty="user_id">
        INSERT
          INTO USER (USER_ID
                   , USER_NAME)
        VALUES (#{user_id}
             , #{user_name})
    </insert>

    <update id="update" parameterType="kr.datasolution.msa.frontend.user.dto.UserDto">
        UPDATE BOARD
           SET USER_ID = #{user_id}
             , USER_NAME = #{user_name}
         WHERE USER_ID = #{user_id}
    </update>

    <delete id="deleteById" parameterType="int">
        DELETE
          FROM USER
         WHERE USER_ID = #{user_id}
    </delete>
</mapper>